pile	volume	page	stratum	ja	en	fr	verdict	cause
base	Yushapati-01	DLRAW.APP_030	plain	冒険者をしつつ妹の看病もしているの	i'm taking care of my sister while being an adventurer.	Je m'occupe de ma sœur en étant aventurière.	ok	
base	Yushapati-01	DLRAW.APP_013	plain	本当に！？見たことない顔……冒険者…ではないわよね？	really?! a face that i've never seen ... adventurer ... isn't it?	vraiment ?! un visage que je n'ai jamais vu ... aventurier ... n'est-ce pas?	ok	
base	Yushapati-05	DLRAW.APP_0011	katakana	アイテムを持ち去るとダンジョンは崩壊します	If you take the items away, the dungeon will collapse.	Si vous enlevez les objets, le donjon s'effondrera.	ok	
base	Yushapati-05	DLRAW.APP_0037	plain	これで諦めてくれたら嬉しいんだが…	I'd be happy if you gave up on this...	Je serais heureux si tu abandonnais ça...	ok	
base	Isekai-01	DLRAW.TO-Met_129	plain	俺はごまかすやつは首をへし折りたくなるからな？	I'm a cheater because I want to break my neck, don't I?	Je suis un tricheur parce que je veux me briser le cou, non ?	wrong	ja-en
base	Sekai-01	DLRAW.NET-0014	plain	まるで恥がない	It's like there's no shame.	C'est comme s'il n'y avait pas de honte.	ok	
base	Zeccho-01	DLRAW.CC_018	plain	くっ来るなっ！！	Come on!	Allez !	wrong	ja-en
base	Yushapati-01	DLRAW.APP_006	tiny	魔術師	The Magician	Le magicien	ok	
base	Zeccho-02	DLRAW.CC_p_037	katakana	オラリフ	Oralif	Oralif	ok	
base	Zeccho-01	DLRAW.CC_031	plain	ジン君は知らないみたいだから説明したげるけど	Jin, you don't seem to know, so I'll explain.	Jin, tu ne sembles pas savoir, alors je vais t'expliquer.	ok	
base	Otome-Game-01	DLRAW.TO_p_008	plain	お…おうぼう	oh, oh, oh, oh, oh, oh, oh, oh, oh,	oh, oh, oh, oh, oh, oh, oh, oh, oh, oh,	wrong	ja-en
base	Sekai-01	DLRAW.NET-0037	plain	おい起きろ	Hey, wake up.	Hé, réveille-toi.	ok	
base	Isekai-01	DLRAW.TO-Met_110	long	そんな不純なことを考えながら次なる問題を解決するべく商人組合に向かうと…	Thinking about such impureness, I went to the merchant union to solve the next problem ...	En pensant à une telle impureté, je suis allé au syndicat marchand pour résoudre le prochain problème...	ok	
base	Isekai-01	DLRAW.TO-Met_10	plain	赤子の時に拾われて育てられた恩を忘れおって！！	Forget the kindness that was picked up and raised when you were a baby! !	Oubliez la gentillesse qui a été ramassée et élevée quand vous étiez bébé! !	degraded	ja-en
base	Isekai-01	DLRAW.TO-Met_12	plain	おいっ！そやつを出立まで拘束しておけ！	hey!Keep him until he leaves!	Hé !Garde-le jusqu'à ce qu'il parte !	ok	
base	Zeccho-02	DLRAW.CC_p_003	plain	127ペ-ジ	127Peg	127Peg	wrong	ocr
base	Zeccho-02	DLRAW.CC_p_039	plain	ローサちゃんはいつも話し相手になってくれるしねぇ	Rosa always talks to me.	Rosa me parle toujours.	ok	
base	Otome-Game-01	DLRAW.TO_p_001	plain	第()4話	(The fourth)	(Le quatrième)	degraded	ocr
base	Yushapati-05	DLRAW.APP_0015	tiny	はい	yes.	Oui.	ok	
base	Sekai-01	DLRAW.NET-0010	plain	そうていがい想定外のこた答えーー	Well, that’s an unexpected answer.	Eh bien, c’est une réponse inattendue.	ok	
base	Sekai-01	DLRAW.NET-0007	plain	極度の意識により	by extreme awareness	par une conscience extrême	ok	
base	Isekai-01	DLRAW.TO-Met_100	plain	各村長から委託を受けております	We have been commissioned by the mayors of each village.	Nous avons été commandés par les maires de chaque village.	degraded	en-fr
base	Isekai-01	DLRAW.TO-Met_08	plain	百鬼 光太郎(享年32歳)	Kotaro Hyakuki (age 32)	Kotaro Hyakuki (32 ans)	degraded	ja-en
base	Yushapati-05	DLRAW.APP_0027	plain	わ…わかった	okay.	OK.	ok	
base	Otome-Game-01	DLRAW.TO_p_014	tiny	それは…	that's...	c'est...	ok	
base	Yushapati-05	DLRAW.APP_0023	plain	それじゃ攻略当日までは自由行動ってことで…	That is, until the day of the attack, it is free action ...	C'est-à-dire que jusqu'au jour de l'attaque, c'est la libre action...	ok	
base	Sekai-01	DLRAW.NET-0007	tiny	動なく	Unmoved.	Indémuné.	wrong	ocr
base	Isekai-01	DLRAW.TO-Met_109	plain	知識階層出身で優秀な巨乳の金髪美人はいないものか…	Is there anyone from the knowledge class who has a good big tits blonde beauty ...	Y a-t-il quelqu'un de la classe de connaissance qui a une bonne beauté blonde de gros seins ...	ok	
base	Yushapati-01	DLRAW.APP_008	plain	こんだけあれば今夜は旨いもんが食えるな	If you can do this, don't eat good food tonight.	Si vous pouvez le faire, ne mangez pas de bonne nourriture ce soir.	wrong	ja-en
base	Yushapati-05	DLRAW.APP_0007	plain	何言ってるの！	what are you talking about?	De quoi tu parles ?	ok	
base	Otome-Game-01	DLRAW.TO_p_014	plain	約束だったな…詳しく聞かせてくれ	It was a promise... let me know in detail.	C'était une promesse... faites-le moi savoir en détail.	ok	
base	Sekai-01	DLRAW.NET-0019	plain	どうしよう…手が触れた…	What can I do? My hands touched...	Que puis-je faire ? Mes mains touchaient...	ok	
base	Isekai-01	DLRAW.TO-Met_03	plain	漫画:ありのかまち	Comic: Yes, of course.	Comic: Oui, bien sûr.	wrong	credits
base	Isekai-01	DLRAW.TO-Met_122	plain	分かっておる夜が楽しみじゃ	i know. i'm looking forward to the night.	Je sais, j'attends la nuit avec impatience.	ok	
base	Sekai-01	DLRAW.NET-0011	plain	めちゃめちゃ生々しい話だった	it was a crazy story.	C'était une histoire folle.	ok	
base	Sekai-01	DLRAW.NET-0012	plain	私が確認の務めを任されてやってきた次第てす	it's up to me to do the job of confirmation.	C'est à moi de faire le travail de confirmation.	ok	
base	Yushapati-05	DLRAW.APP_0012	katakana	我々の戦力を増強することがダンジョン攻略の目的です	The purpose of the dungeon is to increase our forces.	Le but du donjon est d'augmenter nos forces.	degraded	ja-en
base	Yushapati-05	DLRAW.APP_0021	tiny	はっ	はっ	はっ	wrong	ja-en
base	Sekai-01	DLRAW.NET-0010	plain	書いてありました	it was written.	Il a été écrit.	ok	
base	Yushapati-01	DLRAW.APP_009	plain	あんなに嫌われていたのか……	He hated me so much...	Il me détestait tellement...	ok	
base	Yushapati-05	DLRAW.APP_0045	katakana	同じパーティーの	The same party.	Le même parti.	degraded	en-fr
base	Yushapati-05	DLRAW.APP_0036	plain	あの身のこなし…	That kind of...	Ce genre de...	degraded	ja-en
base	Sekai-01	DLRAW.NET-0003	plain	その昔勇者が魔王を倒して世界が平和になったらしい	It seems that the brave once defeated the demon king and the world became peaceful.	Il semble que les courageux ont vaincu le roi démon et le monde devenu pacifique.	degraded	ja-en
base	Isekai-01	DLRAW.TO-Met_123	plain	長らく歴代当主が内政を放置した結果	As a result of the long-standing owner's neglect of internal affairs	En raison de la négligence de longue date du propriétaire à l'égard des affaires intérieures	degraded	ja-en
base	Sekai-01	DLRAW.NET-0007	long	相手選んてください一応俺は男なのて…というのは建前で本当は俺は…	Please choose the other party For the time being, I am a man ... that is actually I ...	Veuillez choisir l'autre partie Pour le moment, je suis un homme ... c'est en fait je ...	degraded	ocr
base	Sekai-01	DLRAW.NET-0044	dialect	ほらほら触ってやろうかぁ？	Come on, let's touch it, okay?	Allez, on y touche, d'accord ?	ok	
base	Yushapati-05	DLRAW.APP_0035	plain	気を付けるのじゃ	be careful.	Soyez prudent.	ok	
base	Isekai-01	DLRAW.TO-Met_113	plain	年龄:21 性别:女種族:人族	Year 龄:21 性别:女 race: people	Année 龄:21 性别:女 race: personnes	wrong	ocr
base	Yushapati-01	DLRAW.APP_019	plain	まあ…それなら依頼を達成できるかもしれないが…	Well, then... you may be able to make a request, but...	Eh bien, alors... vous pourrez peut-être faire une demande, mais...	ok	
base	Otome-Game-01	DLRAW.TO_p_029	plain	いえ共和国を…	No, the Republic...	Non, la République...	ok	
base	Sekai-01	DLRAW.NET-0034	dialect	いやあ雷使うとしはらく目悪くなっちゃうんあははだよねもう大丈夫マジごめんね）ええと田端は…	Well, if you use lightning, it will be very bad. I'm sorry, it's okay.) Well, Tabata is ...	Si vous utilisez la foudre, ce sera très mauvais. Je suis désolé, c'est bon.) Eh bien, Tabata est...	degraded	ocr
base	Yushapati-01	DLRAW.APP_040	plain	な～に遠慮するな…	Don't be shy...	Ne soyez pas timide...	ok	
base	Zeccho-02	DLRAW.CC_p_025	long	それは放置すると衰弱死してしまう厄介なもので普段は温泉に入り体力回復することで対策しています	It's a troubling thing that, if you leave it alone, you're going to die of weakness, and you're usually taking measures by entering a hot spring and regaining your physical strength.	C'est une chose troublante que, si vous laissez cela tranquille, vous allez mourir de faiblesse, et vous prenez généralement des mesures en entrant dans une source chaude et en retrouvant votre force physique.	ok	
base	Sekai-01	DLRAW.NET-0023	tiny	いい句い	Good word.	Bonne parole.	wrong	ocr
base	Yushapati-01	DLRAW.APP_016	katakana	俺はパーティーに入るとは一言もでも…	I'm not going to go to a party, but I'm going to have a word...	Je ne vais pas aller à une fête, mais je vais avoir un mot...	wrong	ja-en
base	Otome-Game-01	DLRAW.TO_p_020	plain	兄貴…どういうこと？	Brother, what do you mean?	Frère, que voulez-vous dire ?	ok	
base	Yushapati-05	DLRAW.APP_0017	plain	逃げたとな	you said you ran away.	Tu as dit que tu t'étais enfuie.	ok	
base	Yushapati-05	DLRAW.APP_0019	plain	お前たちの国の奴がクレアを化け物呼ばわりした	The people of your country called Claire a monster.	Le peuple de votre pays a traité Claire de monstre.	ok	
base	Isekai-01	DLRAW.TO-Met_01	katakana	ハーレム戦記～	Harlem War	Guerre de Harlem	wrong	ja-en
base	Isekai-01	DLRAW.TO-Met_113	katakana	名前:イレーナ	Name: Irena	Nom: Irena	ok	
base	Sekai-01	DLRAW.NET-0031	dialect	今日もかわいい	Cute today.	Mignon aujourd'hui.	ok	
base	Otome-Game-01	DLRAW.TO_p_022	plain	平野を山と言い張るか	you're going to call the plain a mountain.	Vous allez appeler la plaine une montagne.	ok	
base	Yushapati-05	DLRAW.APP_0012	plain	そのため皆さんを第二皇女「護衛組」と	"That's why you call them the second princess ""guard group"""	"C'est pourquoi vous les appelez la deuxième princesse ""groupe de garde"""	ok	
base	Isekai-01	DLRAW.TO-Met_06	plain	何でこんなところに！？	why are you here?!	Pourquoi êtes-vous ici ?!	ok	
base	Zeccho-02	DLRAW.CC_p_008	plain	…だが百合の間に挟まる男は死刑だから見守るしかないな…	But the man who gets caught between the lilies is the death penalty, so you have to watch it ...	Mais l'homme qui se fait prendre entre les lys est la peine de mort, donc il faut le regarder...	ok	
base	Zeccho-01	DLRAW.CC_032	plain	そりゃこの街出身だもん	that's right, i'm from this city.	C'est vrai, je viens de cette ville.	ok	
base	Sekai-01	DLRAW.NET-0033	tiny	きゃ	きゃ	きゃ	wrong	ja-en
base	Yushapati-05	DLRAW.APP_0015	tiny	確かに…	Certainly...	Certainement...	ok	
base	Sekai-01	DLRAW.NET-0023	plain	あったかい	Warm.	Chaleureux.	degraded	en-fr
base	Zeccho-01	DLRAW.CC_039	plain	体力回復、魔力回復、怪我回復、	Physical recovery, recovery of magic, recovery of injury,	Récupération physique, récupération de magie, récupération de blessure,	ok	
base	Zeccho-02	DLRAW.CC_p_028	katakana	お願いしますオラリアさん…僕にできることはなんでもしますから	please, olariasan, i'll do whatever i can.	S'il vous plaît, olariasan, je ferai tout ce que je peux.	ok	
base	Zeccho-02	DLRAW.CC_p_029	long	部屋はジン君と同室で！サクヤが悪さしようとしたらジン君が止めることもしできなかったら次はない！	The room is with Jin!If Sakuya tries to do something wrong, Jin can't stop it, then there's no next one!	La chambre est avec Jin! Si Sakuya essaie de faire quelque chose de mal, Jin ne peut pas l'arrêter, alors il n'y en a pas de prochain!	ok	
base	Yushapati-01	DLRAW.APP_016	plain	シリカ魔術師	Silica Magician	Magicien de silice	wrong	en-fr
base	Zeccho-01	DLRAW.CC_025	plain	うんだからちょうどいい人手かなって	Yeah, that's just the right job.	Oui, c'est juste le bon travail.	degraded	ja-en
base	Sekai-01	DLRAW.NET-0021	plain	どうかしましたか？	what's wrong?	Qu'est-ce qui ne va pas ?	ok	
base	Sekai-01	DLRAW.NET-0007	plain	股間だけでなく	it's not just the crotch	Il n'y a pas que l'entrejambe	ok	
base	Sekai-01	DLRAW.NET-0037	katakana	しかし反抗して今みたいに電流食らうのは嫌だしそいうかファーストキスミまだ寝てんのか！？返事は！？	However, I don't like to resist and eat as much as I do now, and is the first kiss still sleeping? ?	Cependant, je n'aime pas résister et manger autant que maintenant, et le premier baiser dort-il encore? ? ?	degraded	ocr
base	Yushapati-05	DLRAW.APP_0019	plain	だから城をぶっ壊した文句あるか？	Do you have any complaints about breaking down the castle?	Avez-vous des plaintes pour avoir fait tomber le château ?	ok	
base	Otome-Game-01	DLRAW.TO_p_001	plain	第(0)3話	The (0) 3	Le (0) 3	degraded	ocr
base	Zeccho-02	DLRAW.CC_p_008	plain	やっ…やあ…っ♡	Hey there. ♡	Hé là. ♡	ok	
base	Yushapati-01	DLRAW.APP_006	katakana	勇者ハーティーは所属しているだけでも名誉なことだけど	It is an honor to be a hero, Harty, even if he belongs.	C'est un honneur d'être un héros, Harty, même s'il appartient.	wrong	ocr
base	Zeccho-01	DLRAW.CC_040	long	大丈夫…１人で立てるから…それに今…触られたら…マズいかも…	It's okay ... I can stand alone ... and now ... if I touch ... bad ...	C'est bon... Je peux me tenir seul ... et maintenant ... si je touche ... mauvais ...	ok	
base	Yushapati-05	DLRAW.APP_0026	plain	もつとも闇属性魔法に限った話じゃがな	It is a story limited to dark character magic.	C'est une histoire limitée à la magie du caractère sombre.	degraded	ja-en
base	Yushapati-01	DLRAW.APP_031	plain	なんかごめんね…巻き込んじゃって	I'm sorry, but I'm getting involved.	Je suis désolé, mais je m'en mêle.	ok	
base	Sekai-01	DLRAW.NET-0015	tiny	いるし！	there you are!	Vous êtes là !	ok	
base	Isekai-01	DLRAW.TO-Met_121	katakana	だめですよマリーダ様	No, Mary.	Non, Mary.	wrong	ja-en
base	Sekai-01	DLRAW.NET-0030	plain	さっそくみんなに知らせなきゃ！	I need to let everyone know right away!	Je dois le faire savoir à tout le monde tout de suite !	ok	
base	Zeccho-02	DLRAW.CC_p_025	plain	これまでにないくらい身体が楽になったんです	it's never been easier on my body.	Ça n'a jamais été aussi facile sur mon corps.	ok	
base	Yushapati-05	DLRAW.APP_0040	plain	まったく魔力が感じられない	I can't feel the magic at all.	Je ne sens pas la magie du tout.	ok	
base	Isekai-01	DLRAW.TO-Met_112	long	ぜひとも商工組合でやらせて頂きます！長年の紛争が解消に向かいます！	I will do it in the commercial union!Years of conflict are coming to an end!	Je le ferai dans l'union commerciale! Des années de conflit prennent fin!	ok	
base	Isekai-01	DLRAW.TO-Met_103	plain	今日の鍛錬はどの隊が倉庫から多く物資を運び出せるかでくす！	Today's training will determine which team can carry a lot of supplies from the warehouse!	La formation d'aujourd'hui déterminera quelle équipe peut transporter beaucoup de fournitures de l'entrepôt!	ok	
base	Yushapati-01	DLRAW.APP_015	plain	紹介するわねえーと……	I'll show you, and...	Je vais te montrer, et...	ok	
base	Isekai-01	DLRAW.TO-Met_128	plain	こいつかああああ…	This guy, yeah...	Ce type, ouais...	ok	
base	Yushapati-05	DLRAW.APP_0008	plain	本日はお集まり頂きありがとうございます	Thank you for coming to the meeting today.	Merci d'être venu à la réunion aujourd'hui.	ok	
base	Yushapati-05	DLRAW.APP_0018	plain	少なくともお前の連れよりは優秀だろ	Or at least better than your partner.	Ou du moins mieux que votre partenaire.	ok	
base	Zeccho-02	DLRAW.CC_p_040	plain	でも…なるほどねお年寄りからの愛されキャラってとこか…	But ... I see, it is a beloved character from an elderly ...	Mais... Je vois, c'est un personnage bien-aimé d'un vieux ...	ok	
base	Sekai-01	DLRAW.NET-0010	plain	一般的に男性が	Men generally	Les hommes en général	ok	
base	Yushapati-05	DLRAW.APP_0045	tiny	いえ…	no, no, no.	Non, non, non.	ok	
base	Otome-Game-01	DLRAW.TO_p_020	plain	そうか…やっぱりダメだ…！	well, i don't know...!	Eh bien, je ne sais pas...!	wrong	ja-en
base	Yushapati-01	DLRAW.APP_018	plain	S……！最高ランクだったとは	S . . . !it was the highest rank.	S . . . !c'était le plus haut rang.	ok	
base	Sekai-01	DLRAW.NET-0034	tiny	田端弘則	Hironori Tabata	Hironori Tabata	ok	
base	Isekai-01	DLRAW.TO-Met_103	tiny	…翌日	...the next day	...le lendemain	ok	
base	Isekai-01	DLRAW.TO-Met_116	katakana	マリーダと俺は女の好みが一緒だからね	Marieda and I have the same preferences.	Marieda et moi avons les mêmes préférences.	ok	
base	Yushapati-05	DLRAW.APP_0041	plain	ごめんね流石に会わせてもらうのは無理よね	i'm sorry. i can't let you meet me at the drift stone.	Je suis désolé, je ne peux pas te laisser me rencontrer à la pierre de dérive.	wrong	ja-en
base	Isekai-01	DLRAW.TO-Met_118	plain	ちつ違います濡れてなんか…	It's different. It's got wet.	C'est différent. Il est mouillé.	ok	
base	Yushapati-01	DLRAW.APP_023	plain	それなら…	then...	Alors...	ok	
base	Isekai-01	DLRAW.TO-Met_05	plain	神殿騎士団は何をしてる！	What are the Knights of the Temple doing?	Que font les Chevaliers du Temple ?	ok	
base	Zeccho-01	DLRAW.CC_009	tiny	ですが…	but...	Mais...	ok	
base	Yushapati-05	DLRAW.APP_0034	plain	いったい何をしておるのか…	What are you doing...	Qu'est-ce que tu fais...	ok	
base	Zeccho-01	DLRAW.CC_032	plain	はあ？なんで俺が…	huh?why am i...	hein ?pourquoi suis-je...	ok	
base	Isekai-01	DLRAW.TO-Met_11	plain	実際に半年前俺の使用人も毒牙にかかりかけた	In fact, six months ago, my servants were poisoned.	En fait, il y a six mois, mes serviteurs ont été empoisonnés.	ok	
base	Isekai-01	DLRAW.TO-Met_09	tiny	人ul	人 ul	人 ul	wrong	ocr
base	Isekai-01	DLRAW.TO-Met_129	plain	この村は本当は農作物がたんまり採れるらしいの	This village is actually very much able to harvest crops.	Ce village est en fait très capable de récolter des récoltes.	ok	
base	Isekai-01	DLRAW.TO-Met_108	katakana	戦場のコンビニと言われる彼らの機嫌は取っておくべきだからね	They're called the convenience stores on the battlefield, and they should keep their mood.	On les appelle les dépanneurs sur le champ de bataille, et ils devraient garder leur humeur.	ok	
base	Zeccho-01	DLRAW.CC_025	plain	それにしてもこの家を掃除かあずいぶんと大変そうな…	Cleaning this house is very difficult...	Le nettoyage de cette maison est très difficile...	ok	
base	Zeccho-01	DLRAW.CC_031	plain	効能の高い温泉を保有してるかどうかで宿の格が変わるの	The rank of the inn changes depending on whether you have a hot spring with high efficacy	Le rang de l'auberge change selon que vous avez une source chaude avec une efficacité élevée	ok	
base	Sekai-01	DLRAW.NET-0030	plain	田端様…いえ	no, tabatasama.	Non, tabatasama.	ok	
base	Isekai-01	DLRAW.TO-Met_113	plain	彼女は…？	She is...?	Elle est... ?	ok	
base	Yushapati-05	DLRAW.APP_0045	tiny	のか？	what?	Quoi ?	ok	
base	Isekai-01	DLRAW.TO-Met_107	plain	待て待て俺の方が！	Wait, wait, wait, wait, wait, wait, wait, wait, wait,	Attends, attends, attends, attends, attends, attends, attends, attends,	wrong	ja-en
base	Isekai-01	DLRAW.TO-Met_116	plain	夜のお勤めでは必ず着用するのじゃ！	Be sure to wear it at night!	Assurez-vous de le porter la nuit!	ok	
base	Isekai-01	DLRAW.TO-Met_100	plain	鬼人族の方たちはいくさの時しか利用しませんので…	The devils only use it when they are...	Les diables ne l'utilisent que lorsqu'ils sont...	degraded	ja-en
base	Yushapati-05	DLRAW.APP_0023	plain	私も賛成です	i agree.	Je suis d'accord.	ok	
base	Isekai-01	DLRAW.TO-Met_113	plain	我が娘ながら器量もよく	As a daughter, she has a good level of strength.	En tant que fille, elle a un bon niveau de force.	wrong	ja-en
base	Otome-Game-01	DLRAW.TO_p_034	plain	酷いセリフですね	that's a terrible line.	C'est une ligne terrible.	ok	
base	Zeccho-01	DLRAW.CC_037	plain	体力も魔力も回復していってる…？	Are you recovering physically and yam?	Vous vous rétablissez physiquement et l'igname ?	wrong	ja-en
base	Sekai-01	DLRAW.NET-0007	plain	接触すると	when you come into contact	lorsque vous entrez en contact	ok	
base	Yushapati-05	DLRAW.APP_0018	katakana	セリオン！俺は貴様の参加こそ認めていない！	Serion!I do not recognize your participation!	Serion!Je ne reconnais pas votre participation!	ok	
base	Isekai-01	DLRAW.TO-Met_116	plain	承知しまし…んっ…！	I know. . . . !	Je sais. . . . !	ok	
base	Isekai-01	DLRAW.TO-Met_11	plain	世間でも馬鹿王子と名高かったのだが	He was known as a stupid prince.	Il était connu comme un prince stupide.	ok	
base	Otome-Game-01	DLRAW.TO_p_019	katakana	世かい世界の危機に相応しいラスボスよ	Russs, worthy of the crisis of the world.	Russs, digne de la crise du monde.	wrong	ja-en
base	Sekai-01	DLRAW.NET-0012	plain	その亜人女性たち全員のお相手をして頂きます	I will deal with all of these sub-women.	Je m'occuperai de toutes ces sous-femmes.	degraded	ja-en
base	Zeccho-01	DLRAW.CC_023	plain	両親も亡くなってから経営もできなくて放置してるの…	My parents have been unable to manage my business since they died.	Mes parents n'ont pas pu gérer mon entreprise depuis leur mort.	degraded	ja-en
base	Sekai-01	DLRAW.NET-0024	plain	おかしいだる!	it's crazy!	C'est fou !	ok	
base	Otome-Game-01	DLRAW.TO_p_011	plain	何も考えてない人達は羨ましいですね	I envy people who don’t think about it.	J’envie les gens qui n’y pensent pas.	ok	
base	Zeccho-02	DLRAW.CC_p_017	tiny	よし…	All right.	Très bien.	ok	
base	Zeccho-01	DLRAW.CC_030	tiny	ほら	Hey, hey.	Hé, hé.	ok	
base	Sekai-01	DLRAW.NET-0023	plain	あなたのも…	yours too.	Le vôtre aussi.	ok	
base	Otome-Game-01	DLRAW.TO_p_019	dialect	バッドエンドなら世かい世界が滅びちゃうわね	If it is a bad end, the world will be destroyed.	Si c'est une mauvaise fin, le monde sera détruit.	ok	
base	Yushapati-05	DLRAW.APP_0016	plain	それに聞いているぞ？	And you're listening to that?	Et vous écoutez ça ?	ok	
base	Sekai-01	DLRAW.NET-0017	tiny	泣いた	I cried.	J'ai pleuré.	ok	
base	Zeccho-02	DLRAW.CC_p_027	plain	ちょっと待った！何勝手にいい感じに	Wait a minute!How much of a good feeling.	Attendez une minute! Combien de bon sentiment.	wrong	ja-en
base	Zeccho-02	DLRAW.CC_p_031	plain	どいののか？	how's it going?	Comment ça va ?	degraded	ocr
base	Sekai-01	DLRAW.NET-0020	plain	気にしない	I don't care.	Je m'en fiche.	ok	
base	Yushapati-01	DLRAW.APP_014	tiny	あなた…	you...	vous...	ok	
base	Sekai-01	DLRAW.NET-0005	plain	天使族初めて見た…	This is the first time I have seen an angel...	C'est la première fois que je vois un ange...	ok	
base	Zeccho-01	DLRAW.CC_004	plain	73ペ-ジ	73Peg	73Peg	wrong	ocr
base	Sekai-01	DLRAW.NET-0020	katakana	結構ガッツリ	Pretty gutsy.	Plutôt gutsy.	degraded	en-fr
base	Zeccho-02	DLRAW.CC_p_041	plain	さぞこの宿でも迷惑をかけているんでしょうね…	I guess you are causing trouble in this inn too...	Je suppose que vous causez des ennuis dans cette auberge aussi...	ok	
base	Isekai-01	DLRAW.TO-Met_08	plain	「叡智の至宝」と称されるほどになった	"It has become so popular that it has been called ""the treasure of wisdom""."	"Il est devenu si populaire qu'on l'a appelé ""le trésor de la sagesse""."	ok	
hard	Zeccho-01	DLRAW.CC_014	dialect	案外かわいいかも？	Could it be cute?	Ça pourrait être mignon ?	ok	
hard	Zeccho-02	DLRAW.CC_p_024	dialect	せめて話だけでも聞いてやろうぜ	At least let's just talk.	Au moins, parlons.	ok	
hard	Zeccho-02	DLRAW.CC_p_028	dialect	ハクさんがかわいそうですよオラリアさん！	I feel sorry for you, Mr. Oralia!	Je suis désolé pour vous, M.. Oralia !	wrong	ja-en
hard	Zeccho-02	DLRAW.CC_p_039	dialect	うちの孫みたいでかわいいわぁ	Like my granddaughter, she's cute.	Comme ma petite-fille, elle est mignonne.	ok	
hard	Zeccho-01	DLRAW.CC_039	dialect	イっちゃうー♡	I'll be. ♡	Je le serai. ♡	degraded	ja-en
hard	Yushapati-05	DLRAW.APP_0035	dialect	さすがは王都イシュタルとは比べ物にならない賑わいようだ	As expected, it seems to be a hustle and bustle that can not be compared to the royal city Ishtar	Comme prévu, il semble être une agitation qui ne peut pas être comparée à la ville royale Ishtar	ok	
hard	Sekai-01	DLRAW.NET-0016	dialect	好きてもない人とてきちゃう感じが正直ないな…と	I don't feel like I'm coming to anyone who doesn't like it, but honestly ...	Je n'ai pas l'impression de venir à quelqu'un qui n'aime pas ça, mais honnêtement...	degraded	ocr
hard	Sekai-01	DLRAW.NET-0037	dialect	弘則様…あ…いえ田端様は女性に免疫がないらしくてすぐ気絶しちゃうと思います	Hironori-sama ... Oh ... No, I think that Tabata-sama will faint immediately because he seems to be immune to women	Hironori-sama... Oh... Non, je pense que Tabata-sama va s'évanouir immédiatement parce qu'il semble être immunisé contre les femmes	ok	
hard	Sekai-01	DLRAW.NET-0017	dialect	ちゃんとできるか不安で…でも任されたからには一生懸命やろうって思って…	I'm worried about whether I can do it properly ... but I thought that I would do my best because I was in charge ...	Je m'inquiète de savoir si je peux le faire correctement ... mais je pensais que je ferais de mon mieux parce que j'étais responsable ...	ok	
hard	Sekai-01	DLRAW.NET-0003	dialect	かわいい	Cute	Mignon	ok	
hard	Sekai-01	DLRAW.NET-0038	dialect	大勢の生徒に見られているあの竜人の子危なっかしいなてもあんなかわいい子見たことないよ七〇クスがどうとか言ってたよな	I've never seen that dragon's son in danger, but I've never seen such a cute child, and I've been told what 70s are saying.	Je n'ai jamais vu le fils de ce dragon en danger, mais je n'ai jamais vu un enfant aussi mignon, et on m'a dit ce que les années 70 disent.	degraded	ocr
hard	Sekai-01	DLRAW.NET-0011	dialect	魔王が復活しちゃうっぽいんです	It looks like Satan will be resurrected.	Il semble que Satan sera ressuscité.	degraded	ja-en
hard	Yushapati-01	DLRAW.APP_039	katakana	ねえねえトラウマって何～？	Hey, hey, what is trauma?	Hé, hé, qu'est-ce que le traumatisme ?	ok	
hard	Isekai-01	DLRAW.TO-Met_118	katakana	アルベルト準備はできたようじゃぞ！	Alberto, you're ready!	Alberto, tu es prêt !	ok	
hard	Otome-Game-01	DLRAW.TO_p_014	katakana	俺の平穏なモブライフを脅かす…	Threatening my peaceful Mob life...	Menaçant ma vie de foule paisible...	wrong	ja-en
hard	Yushapati-01	DLRAW.APP_018	katakana	冒険者は登録されているハーティーでしか活動できないから他のハーティーから人を借りることもできないしね…	Adventurers can only work with registered hirty, so they can't borrow people from other hirties.	Les aventuriers ne peuvent travailler qu'avec une embauche enregistrée, de sorte qu'ils ne peuvent pas emprunter des gens à d'autres tranches.	wrong	ocr
hard	Sekai-01	DLRAW.NET-0044	katakana	バレバレだから	it's a revelation.	C'est une révélation.	wrong	ja-en
hard	Isekai-01	DLRAW.TO-Met_119	katakana	・アルヘルド様いい自いかする…	Al-Held, you have to be good to yourself...	Al-Held, tu dois être bon avec toi-même...	degraded	ocr
hard	Yushapati-01	DLRAW.APP_028	katakana	良ければ正式に私たちのハーティーに入らない？	Would you like to officially join our herty?	Voulez-vous officiellement rejoindre notre herty?	wrong	ocr
hard	Otome-Game-01	DLRAW.TO_p_008	katakana	この船…アインホルンは世んいん船員なんかいらねーんだよ	this ship ... einhorn doesn't want a world of sailors.	ce vaisseau... einhorn ne veut pas d'un monde de marins.	wrong	ocr
hard	Isekai-01	DLRAW.TO-Met_07	katakana	…お前が叡智の至宝」と名高いアルベルトか？	"Are you the supreme treasure of wisdom?"""	Êtes-vous le trésor suprême de la sagesse ? »	degraded	ja-en
hard	Yushapati-05	DLRAW.APP_0030	katakana	おぬしのパーティーは	Onushi's party	La fête d'Onushi	wrong	ja-en
hard	Yushapati-05	DLRAW.APP_0015	katakana	一応勇者……アレンのハーティーにいたことはある	I've been to the Braves... Allen's Hearty.	J'ai été chez les Braves... Allen Est Copieux.	wrong	ocr
hard	Isekai-01	DLRAW.TO-Met_100	katakana	ステータスの	of status.	de statut.	ok	
hard	Yushapati-01	DLRAW.APP_010	tiny	家事をし	Do the housework.	Faites les tâches ménagères.	ok	
hard	Zeccho-01	DLRAW.CC_001	tiny	まるせい	まるせい	まるせい	ok	
hard	Otome-Game-01	DLRAW.TO_p_016	tiny	聖樹…	The Holy Tree...	Le Saint Arbre...	ok	
hard	Isekai-01	DLRAW.TO-Met_12	tiny	…現在	...now	...maintenant	ok	
hard	Otome-Game-01	DLRAW.TO_p_032	tiny	でっっ…	eh...	hein...	ok	
hard	Yushapati-01	DLRAW.APP_007	tiny	何故？	Why?	Pourquoi ?	ok	
hard	Isekai-01	DLRAW.TO-Met_125	tiny	工村	工村	工村	wrong	ocr
hard	Sekai-01	DLRAW.NET-0020	tiny	…って	that's...	c'est...	ok	
hard	Yushapati-05	DLRAW.APP_0011	tiny	聖剣…	The Holy Sword...	La Sainte Épée...	ok	
hard	Zeccho-02	DLRAW.CC_p_007	tiny	うるい	うるい	うるい	wrong	ja-en
hard	Sekai-01	DLRAW.NET-0009	tiny	本日は	today.	Aujourd'hui.	ok	
hard	Sekai-01	DLRAW.NET-0040	tiny	ただいま	I'm back.	Je suis de retour.	ok	
hard	Otome-Game-01	DLRAW.TO_p_017	long	故に採掘したものはすべて国外輸出できて…その魔石に依存する諸外国に対しては優位を保てるというわけです	So everything that's been mined can be exported abroad, and it's about keeping the dominance of foreign countries that depend on the magic stone.	Donc, tout ce qui a été extrait peut être exporté à l'étranger, et il s'agit de garder la domination des pays étrangers qui dépendent de la pierre magique.	ok	
hard	Yushapati-01	DLRAW.APP_006	long	ああ……白魔導師のくせに回復はシーナに任せっきりだったしなあ？	Oh ... the white magician's habit was left to Sheena to recover, wasn't it?	Oh... l'habitude du magicien blanc a été laissée à Sheena pour récupérer, n'est-ce pas ?	ok	
hard	Zeccho-02	DLRAW.CC_p_026	long	ハクさんの胸あたりから禍々しい魔力が流れていますそれかなり苦しいですよね？	There is a terrible magic flowing from Mr. Haku's chest, isn't it?	Il y a une terrible magie qui coule de M. La poitrine de Haku, non ?	degraded	en-fr
hard	Sekai-01	DLRAW.NET-0006	long	すいませんみなさんよく天使は珍しいと仰るので田端様も熱心に私の服を見ていらしたようだったので近づいた方が親切かと	I'm sorry, everyone, because everyone says that angels are rare, so Tabata-sama seemed to be eagerly looking at my clothes, so I thought it would be kinder if I approached him.	Je suis désolé, tout le monde, parce que tout le monde dit que les anges sont rares, alors Tabata-sama semblait regarder mes vêtements avec impatience, alors j'ai pensé que ce serait plus gentil si je l'approchais.	ok	
hard	Sekai-01	DLRAW.NET-0039	long	ほんきっか本気使ったからこれてしばらく誰の目も見えない気にすんな	I really used it seriously, so I don't think I can see anyone's eyes for a while.	Je l'ai vraiment utilisé sérieusement, donc je ne pense pas pouvoir voir les yeux de quelqu'un pendant un moment.	degraded	ocr
hard	Yushapati-05	DLRAW.APP_0045	long	こんな所で何をしているんだ？この街にユイ様が来ていると聞いたのでちょっと散策してましてよ	what are you doing here?I heard that Mr. Yui was coming to this city, so I took a walk.	que faites-vous ici? J'ai entendu que M. Yui venait dans cette ville, alors j'ai fait une promenade.	ok	
hard	Yushapati-01	DLRAW.APP_030	long	それで彼女に心配をかけないために代わりの白魔導師を探してたのか	So you were looking for a replacement white magician to avoid worrying about her.	Vous cherchiez donc un magicien blanc remplaçant pour éviter de vous inquiéter pour elle.	ok	
hard	Sekai-01	DLRAW.NET-0013	long	いや軽すぎますから！！その温度で言われる方の気持ち考えてもらえます！？	No, it is too light! ! Can you think about the feelings of those who are told at that temperature?	Non, c'est trop léger ! ! Pouvez-vous penser aux sentiments de ceux qui sont racontés à cette température?	ok	
hard	Yushapati-05	DLRAW.APP_0039	long	この王都に勇者やSランク冒険者が集まっていると聞いたんだけど	I heard that the heroes and S-rank adventurers are gathered in this royal capital	J'ai entendu dire que les héros et les aventuriers de rang S sont rassemblés dans cette capitale royale	ok	
hard	Yushapati-05	DLRAW.APP_0038	long	ありがとうございますそうだついでにひとつ聞いてもいいかしら？	Thank you. Can I ask you something?	Merci. Je peux te demander quelque chose ?	ok	
hard	Isekai-01	DLRAW.TO-Met_110	long	武勇：19 統率：21 知力364内政：71魅力：77年龄:48 性别:男種族：人族	勇勇:19 Leadership: 21 智力364 内政:71 Attractive:77 years 龄:48 Sexual:Men:Men:Peoples	勇勇:19 Leadership: 21 智力364 内政:71 Attrayant:77 ans 龄:48 Sexuel:Men:Men:Peoples	wrong	ocr
hard	Otome-Game-01	DLRAW.TO_p_020	long	本当によろしいのですか？それはそれで世か世界の危機を招きますが	Are you sure?and that leads to a crisis in the world or the world.	Êtes-vous sûr?et cela conduit à une crise dans le monde ou dans le monde.	ok	
